{
  "URKA": [
    {
      "StartLat": 45.013370308594,
      "StartLon": 37.359503679385,
      "StopLat": 44.996537140805,
      "StopLon": 37.336131444718,
      "StartHeading": "22",
      "StopHeading": "04"
    }
  ],
  "URKL": [
    {
      "StartLat": 45.087151645804,
      "StartLon": 38.925194081986,
      "StopLat": 45.08672837892,
      "StopLon": 38.954773794088,
      "StartHeading": "09",
      "StopHeading": "27"
    }
  ],
  "URKN": [
    {
      "StartLat": 44.673527880002,
      "StartLon": 37.78595185733,
      "StopLat": 44.662676583443,
      "StopLon": 37.770547355254,
      "StartHeading": "22",
      "StopHeading": "04"
    }
  ],
  "URKW": [
    {
      "StartLat": 44.961192883421,
      "StartLon": 37.986173939101,
      "StopLat": 44.974667151427,
      "StopLon": 38.00390744819,
      "StartHeading": "04",
      "StopHeading": "22"
    }
  ],
  "URKH": [
    {
      "StartLat": 44.671247317456,
      "StartLon": 40.021708013484,
      "StopLat": 44.691308753313,
      "StopLon": 40.048823585627,
      "StartHeading": "04",
      "StopHeading": "22"
    }
  ],
  "URKG": [
    {
      "StartLat": 44.56748272849,
      "StartLon": 38.00442893786,
      "StopLat": 44.578305968205,
      "StopLon": 38.018819854788,
      "StartHeading": "01",
      "StopHeading": "19"
    }
  ],
  "URSS": [
    {
      "StartLat": 43.439122846855,
      "StartLon": 39.924382857375,
      "StopLat": 43.449566253216,
      "StopLon": 39.957782927719,
      "StartHeading": "06",
      "StopHeading": "24"
    }
  ],
  "URKK": [
    {
      "StartLat": 45.046317266868,
      "StartLon": 39.20282226652,
      "StopLat": 45.029711092975,
      "StopLon": 39.173436693785,
      "StartHeading": "23L",
      "StopHeading": "05R"
    },
    {
      "StartLat": 45.03355882854,
      "StartLon": 39.141723273205,
      "StopLat": 45.045465518896,
      "StopLon": 39.162714411391,
      "StartHeading": "05L",
      "StopHeading": "23R"
    }
  ],
  "UGSS": [
    {
      "StartLat": 42.852976269405,
      "StartLon": 41.14264839662,
      "StopLat": 42.869221057255,
      "StopLon": 41.107358192874,
      "StartHeading": "30",
      "StopHeading": "12"
    }
  ],
  "UG23": [
    {
      "StartLat": 43.124121005198,
      "StartLon": 40.56382857021,
      "StopLat": 43.10452548958,
      "StopLon": 40.575629429571,
      "StartHeading": "15",
      "StopHeading": "33"
    }
  ],
  "UGSB": [
    {
      "StartLat": 41.603488331951,
      "StartLon": 41.609519134579,
      "StopLat": 41.615718513707,
      "StopLon": 41.590968220391,
      "StartHeading": "31",
      "StopHeading": "13"
    }
  ],
  "UGKS": [
    {
      "StartLat": 42.239000508445,
      "StartLon": 42.061091639739,
      "StopLat": 42.242713513424,
      "StopLon": 42.034941372339,
      "StartHeading": "27",
      "StopHeading": "09"
    }
  ],
  "UG5X": [
    {
      "StartLat": 41.932374337466,
      "StartLon": 41.876394173124,
      "StopLat": 41.927479453216,
      "StopLon": 41.850150494962,
      "StartHeading": "25",
      "StopHeading": "07"
    }
  ],
  "UGKO": [
    {
      "StartLat": 42.17942723439,
      "StartLon": 42.495622554746,
      "StopLat": 42.175820230872,
      "StopLon": 42.466958978832,
      "StartHeading": "25",
      "StopHeading": "07"
    }
  ],
  "URMM": [
    {
      "StartLat": 44.218880683866,
      "StartLon": 43.10088517383,
      "StopLat": 44.236836794966,
      "StopLon": 43.061503965038,
      "StartHeading": "30",
      "StopHeading": "12"
    }
  ],
  "URMN": [
    {
      "StartLat": 43.509825214014,
      "StartLon": 43.625282143348,
      "StopLat": 43.518160971952,
      "StopLon": 43.647633048947,
      "StartHeading": "30",
      "StopHeading": "12"
    }
  ],
  "XRMF": [
    {
      "StartLat": 43.791579385596,
      "StartLon": 44.620331830641,
      "StopLat": 43.791857860784,
      "StopLon": 44.591344200564,
      "StartHeading": "26",
      "StopHeading": "08"
    }
  ],
  "UGTB": [
    {
      "StartLat": 41.674528362023,
      "StartLon": 44.94661077554,
      "StopLat": 41.659526221445,
      "StopLon": 44.965945784309,
      "StartHeading": "13R",
      "StopHeading": "31L"
    },
    {
      "StartLat": 41.663236711772,
      "StartLon": 44.965665550879,
      "StopLat": 41.676657566123,
      "StopLon": 44.946466491096,
      "StartHeading": "31R",
      "StopHeading": "13L"
    },
    {
      "StartLat": 41.680558795561,
      "StartLon": 44.943350195839,
      "StopLat": 41.679246428501,
      "StopLon": 44.945042018878,
      "StartHeading": "31H",
      "StopHeading": "13H"
    }
  ],
  "UG24": [
    {
      "StartLat": 41.641339520865,
      "StartLon": 44.947466168045,
      "StopLat": 41.657755925269,
      "StopLon": 44.929265553121,
      "StartHeading": "32",
      "StopHeading": "14"
    }
  ],
  "UG27": [
    {
      "StartLat": 41.637572181001,
      "StartLon": 45.018795041381,
      "StopLat": 41.620469061379,
      "StopLon": 45.035644598102,
      "StartHeading": "13",
      "StopHeading": "31"
    }
  ],
  "URMO": [
    {
      "StartLat": 43.20823049213,
      "StartLon": 44.588846805478,
      "StopLat": 43.203161871604,
      "StopLon": 44.622762629944,
      "StartHeading": "10",
      "StopHeading": "28"
    }
  ]
}