{
  "OIBA": [
    {
      "StartLat": 25.87476386995,
      "StartLon": 55.021417963125,
      "StopLat": 25.877200260685,
      "StopLon": 55.044421193347,
      "StartHeading": "08",
      "StopHeading": "26"
    }
  ],
  "OIKB": [
    {
      "StartLat": 27.203508327699,
      "StartLon": 56.370633066029,
      "StopLat": 27.23185654685,
      "StopLon": 56.387310611932,
      "StartHeading": "03",
      "StopHeading": "21"
    }
  ],
  "OIBL": [
    {
      "StartLat": 26.530541413454,
      "StartLon": 54.813166838128,
      "StopLat": 26.533967353155,
      "StopLon": 54.836171174092,
      "StartHeading": "08",
      "StopHeading": "26"
    }
  ],
  "OMAM": [
    {
      "StartLat": 24.257705555159,
      "StartLon": 54.534019140406,
      "StopLat": 24.238854447063,
      "StopLon": 54.561365362474,
      "StartHeading": "13L",
      "StopHeading": "31R"
    },
    {
      "StartLat": 24.240443045787,
      "StartLon": 54.537340885797,
      "StopLat": 24.221589394655,
      "StopLon": 54.564681384393,
      "StartHeading": "13R",
      "StopHeading": "31L"
    }
  ],
  "OMDB": [
    {
      "StartLat": 25.248504129335,
      "StartLon": 55.379456177011,
      "StopLat": 25.264261503099,
      "StopLon": 55.351074809802,
      "StartHeading": "30R",
      "StopHeading": "12L"
    },
    {
      "StartLat": 25.23631239005,
      "StartLon": 55.394119362639,
      "StopLat": 25.252076112991,
      "StopLon": 55.365744853149,
      "StartHeading": "30L",
      "StopHeading": "12R"
    }
  ],
  "OMDW": [
    {
      "StartLat": 24.888863706503,
      "StartLon": 55.175078988564,
      "StopLat": 24.905263373116,
      "StopLon": 55.145407436305,
      "StartHeading": "30",
      "StopHeading": "12"
    }
  ],
  "OMFJ": [
    {
      "StartLat": 25.10599447787,
      "StartLon": 56.340541494023,
      "StopLat": 25.115901434156,
      "StopLon": 56.31416741801,
      "StartHeading": "29",
      "StopHeading": "11"
    }
  ],
  "OIGI": [
    {
      "StartLat": 26.25141139224,
      "StartLon": 55.311556302967,
      "StopLat": 26.266355476584,
      "StopLon": 55.320025322397,
      "StartHeading": "03",
      "StopHeading": "21"
    }
  ],
  "OIKP": [
    {
      "StartLat": 27.160201954379,
      "StartLon": 56.183028140029,
      "StopLat": 27.156263880545,
      "StopLon": 56.161005484651,
      "StartHeading": "26",
      "StopHeading": "08"
    }
  ],
  "OOKB": [
    {
      "StartLat": 26.179872809049,
      "StartLon": 56.242870237567,
      "StopLat": 26.159783210635,
      "StopLon": 56.237450917615,
      "StartHeading": "19",
      "StopHeading": "01"
    }
  ],
  "OISL": [
    {
      "StartLat": 27.674525242984,
      "StartLon": 54.368322054753,
      "StopLat": 27.674920007315,
      "StopLon": 54.397968048576,
      "StartHeading": "09",
      "StopHeading": "27"
    }
  ],
  "OMDM": [
    {
      "StartLat": 25.027085771424,
      "StartLon": 55.383674350416,
      "StopLat": 25.026692840956,
      "StopLon": 55.347841124369,
      "StartHeading": "27",
      "StopHeading": "09"
    }
  ],
  "OIKQ": [
    {
      "StartLat": 26.766544480494,
      "StartLon": 55.917867782218,
      "StopLat": 26.742806015711,
      "StopLon": 55.886890829972,
      "StartHeading": "23",
      "StopHeading": "05"
    }
  ],
  "OMSJ": [
    {
      "StartLat": 25.323032459684,
      "StartLon": 55.531553013778,
      "StopLat": 25.338331991576,
      "StopLon": 55.504981949801,
      "StartHeading": "30R",
      "StopHeading": "12L"
    },
    {
      "StartLat": 25.320814993374,
      "StartLon": 55.530734388158,
      "StopLat": 25.336104311778,
      "StopLon": 55.50415671225,
      "StartHeading": "30L",
      "StopHeading": "12R"
    }
  ],
  "OIBS": [
    {
      "StartLat": 25.903569663651,
      "StartLon": 54.548397234565,
      "StopLat": 25.915650123751,
      "StopLon": 54.530122677335,
      "StartHeading": "31",
      "StopHeading": "13"
    }
  ],
  "OITK": [
    {
      "StartLat": 26.243881617458,
      "StartLon": 55.149302057006,
      "StopLat": 26.24278061317,
      "StopLon": 55.141830529248,
      "StartHeading": "26",
      "StopHeading": "08"
    }
  ],
  "OMSN": [
    {
      "StartLat": 25.21643115963,
      "StartLon": 54.236984956996,
      "StopLat": 25.217327776893,
      "StopLon": 54.230317384884,
      "StartHeading": "28",
      "StopHeading": "10"
    }
  ],
  "OIKK": [
    {
      "StartLat": 30.257798878139,
      "StartLon": 56.958568522307,
      "StopLat": 30.28842786339,
      "StopLon": 56.944551293838,
      "StartHeading": "34",
      "StopHeading": "16"
    }
  ],
  "OISS": [
    {
      "StartLat": 29.533358142347,
      "StartLon": 52.610026846438,
      "StopLat": 29.548475402774,
      "StopLon": 52.572127053575,
      "StartHeading": "30R",
      "StopHeading": "12L"
    },
    {
      "StartLat": 29.529597345344,
      "StartLon": 52.608099084057,
      "StopLat": 29.544716749372,
      "StopLon": 52.570201738691,
      "StartHeading": "30L",
      "StopHeading": "12R"
    }
  ],
  "OMNK": [
    {
      "StartLat": 24.44812113686,
      "StartLon": 54.51440711252,
      "StopLat": 24.434091838193,
      "StopLon": 54.519620167058,
      "StartHeading": "16",
      "StopHeading": "34"
    }
  ],
  "OIZJ": [
    {
      "StartLat": 25.650237445871,
      "StartLon": 57.792270694874,
      "StopLat": 25.659091166287,
      "StopLon": 57.810610588692,
      "StartHeading": "06",
      "StopHeading": "24"
    }
  ],
  "OMAA": [
    {

      "StartLat": 24.464501642808,
      "StartLon": 54.639038741752,
      "StopLat": 24.442898036232,
      "StopLon": 54.669482324464,
      "StartHeading": "13L",
      "StopHeading": "31R"
    },
    {
      "StartLat": 24.420311497455,
      "StartLon": 54.669161701505,
      "StopLat": 24.441912218222,
      "StopLon": 54.638721136728,
      "StartHeading": "31L",
      "StopHeading": "13R"
    }
  ],
  "OMAD": [
    {
      "StartLat": 24.433838963739,
      "StartLon": 54.450517942507,
      "StopLat": 24.422300900136,
      "StopLon": 54.466629515784,
      "StartHeading": "13",
      "StopHeading": "31"
    }
  ],
  "OIBK": [
    {
      "StartLat": 26.529372495318,
      "StartLon": 53.964882962999,
      "StopLat": 26.526904602007,
      "StopLon": 53.99721314102,
      "StartHeading": "10L",
      "StopHeading": "28R"
    },
    {
      "StartLat": 26.526684775108,
      "StartLon": 53.964662569386,
      "StopLat": 26.524216796777,
      "StopLon": 53.996991987953,
      "StartHeading": "10R",
      "StopHeading": "28L"
    }
  ],
  "OMAL": [
    {
      "StartLat": 24.276803600895,
      "StartLon": 55.611433019152,
      "StopLat": 24.246053940393,
      "StopLon": 55.607038426462,
      "StartHeading": "19",
      "StopHeading": "01"
    }
  ],
  "OIBV": [
    {
      "StartLat": 26.815092767223,
      "StartLon": 53.341494220982,
      "StopLat": 26.807104935389,
      "StopLon": 53.365084455904,
      "StartHeading": "11",
      "StopHeading": "29"
    }
  ],
  "OIKJ": [
    {
      "StartLat": 28.731374749572,
      "StartLon": 57.663920641234,
      "StopLat": 28.715644335778,
      "StopLon": 57.68625498301,
      "StartHeading": "13",
      "StopHeading": "31"
    }
  ],
  "OMRK": [
    {
      "StartLat": 25.602335971208,
      "StartLon": 55.942162546752,
      "StopLat": 25.624657243254,
      "StopLon": 55.935450622726,
      "StartHeading": "35",
      "StopHeading": "17"
    }
  ],
  "OMLW": [
    {
      "StartLat": 23.660486380237,
      "StartLon": 53.812298377631,
      "StopLat": 23.641049516553,
      "StopLon": 53.836545574834,
      "StartHeading": "13",
      "StopHeading": "31"
    }
  ]
}