{
  "OS57": [
    {
      "StartLat": 35.731741439058,
      "StartLon": 37.118818146955,
      "StopLat": 35.732887568797,
      "StopLon": 37.089438611112,
      "StartHeading": "27",
      "StopHeading": "09"
    }
  ],
  "LTAF": [
    {
      "StartLat": 36.988505665163,
      "StartLon": 35.29116568687,
      "StopLat": 36.975278828822,
      "StopLon": 35.268834908251,
      "StartHeading": "24",
      "StopHeading": "06"
    }
  ],
  "OS70": [
    {
      "StartLat": 34.567152097063,
      "StartLon": 36.58547587766,
      "StopLat": 34.571415192188,
      "StopLon": 36.557434864922,
      "StartHeading": "28",
      "StopHeading": "10"
    }
  ],
  "OS64": [
    {
      "StartLat": 33.926758453709,
      "StartLon": 36.875101445154,
      "StopLat": 33.910467599885,
      "StopLon": 36.856564505735,
      "StartHeading": "22",
      "StopHeading": "04"
    }
  ],
  "OS60": [
    {
      "StartLat": 32.697894187873,
      "StartLon": 36.40292212386,
      "StopLat": 32.710098489923,
      "StopLon": 36.4246419948,
      "StartHeading": "06",
      "StopHeading": "24"
    }
  ],
  "OLBA": [
    {
      "StartLat": 33.836450385576,
      "StartLon": 35.487082615162,
      "StopLat": 33.818084358722,
      "StopLon": 35.488270309803,
      "StartHeading": "17",
      "StopHeading": "35"
    },
    {
      "StartLat": 33.803759855241,
      "StartLon": 35.485195899241,
      "StopLat": 33.81920603309,
      "StopLon": 35.497158642177,
      "StartHeading": "03",
      "StopHeading": "21"
    },
    {
      "StartLat": 33.833993602111,
      "StartLon": 35.480565166195,
      "StopLat": 33.816289547465,
      "StopLon": 35.485489715972,
      "StartHeading": "16",
      "StopHeading": "34"
    }
  ],
  "OSDI": [
    {
      "StartLat": 33.415130307806,
      "StartLon": 36.504475061513,
      "StopLat": 33.435871235282,
      "StopLon": 36.532567509899,
      "StartHeading": "05L",
      "StopHeading": "23R"
    },
    {
      "StartLat": 33.384993092718,
      "StartLon": 36.496328982842,
      "StopLat": 33.405738872428,
      "StopLon": 36.524406587147,
      "StartHeading": "05R",
      "StopHeading": "23L"
    }
  ],
  "OMAS": [
    {
      "StartLat": 33.487203961181,
      "StartLon": 36.475058353793,
      "StopLat": 33.487219199128,
      "StopLon": 36.475861189849,
      "StartHeading": "09",
      "StopHeading": "27"
    }
  ],
  "OS61": [
    {
      "StartLat": 33.604405509411,
      "StartLon": 36.73597703297,
      "StopLat": 33.614978416781,
      "StopLon": 36.762338754763,
      "StartHeading": "07",
      "StopHeading": "25"
    }
  ],
  "LLES": [
    {
      "StartLat": 32.44004576146,
      "StartLon": 35.014738391332,
      "StopLat": 32.441835093653,
      "StopLon": 34.999259723509,
      "StartHeading": "28",
      "StopHeading": "10"
    }
  ],
  "LTAJ": [
    {
      "StartLat": 36.951127616915,
      "StartLon": 37.464421614009,
      "StopLat": 36.944788165465,
      "StopLon": 37.493739749215,
      "StartHeading": "11",
      "StopHeading": "29"
    }
  ],
  "OJHR": [
    {
      "StartLat": 32.537124156254,
      "StartLon": 38.206448870381,
      "StopLat": 32.541458235631,
      "StopLon": 38.18371439357,
      "StartHeading": "28",
      "StopHeading": "10"
    }
  ],
  "LLHA": [
    {
      "StartLat": 32.806546981446,
      "StartLon": 35.045331966904,
      "StopLat": 32.814954789099,
      "StopLon": 35.041768630157,
      "StartHeading": "34",
      "StopHeading": "16"
    }
  ],
  "OS58": [
    {
      "StartLat": 35.116375558763,
      "StartLon": 36.725525708935,
      "StopLat": 35.119727921185,
      "StopLon": 36.699236270812,
      "StartHeading": "28",
      "StopHeading": "10"
    }
  ],
  "LTDA": [
    {
      "StartLat": 36.371459403503,
      "StartLon": 36.297836411458,
      "StopLat": 36.353191205334,
      "StopLon": 36.27699339283,
      "StartHeading": "22",
      "StopHeading": "04"
    }
  ],
  "LTAG": [
    {
      "StartLat": 36.994031733806,
      "StartLon": 35.412922943704,
      "StopLat": 37.010048592766,
      "StopLon": 35.439270900008,
      "StartHeading": "05",
      "StopHeading": "23"
    }
  ],
  "OS62": [
    {
      "StartLat": 36.094762268865,
      "StartLon": 37.951146842106,
      "StopLat": 36.099152663066,
      "StopLon": 37.920849888098,
      "StartHeading": "28",
      "StopHeading": "10"
    }
  ],
  "OS69": [
    {
      "StartLat": 33.063340475727,
      "StartLon": 36.559870964697,
      "StopLat": 33.069026072769,
      "StopLon": 36.584818167495,
      "StartHeading": "08",
      "StopHeading": "26"
    },
    {
      "StartLat": 33.087780041237,
      "StartLon": 36.53461374422,
      "StopLat": 33.068947705368,
      "StopLon": 36.547565342782,
      "StartHeading": "15",
      "StopHeading": "33"
    }
  ],
  "OJMF": [
    {
      "StartLat": 32.349006262783,
      "StartLon": 36.270427624471,
      "StopLat": 32.36436690036,
      "StopLon": 36.249295226467,
      "StartHeading": "31",
      "StopHeading": "13"
    }
  ],
  "LLKS": [
    {
      "StartLat": 33.212206269444,
      "StartLon": 35.592687125953,
      "StopLat": 33.219412776312,
      "StopLon": 35.598999549697,
      "StartHeading": "04",
      "StopHeading": "22"
    }
  ],
  "OSLK": [
    {
      "StartLat": 35.411574245068,
      "StartLon": 35.949692250589,
      "StopLat": 35.391765325882,
      "StopLon": 35.951054463551,
      "StartHeading": "18",
      "StopHeading": "36"
    }
  ],
  "OMAN": [
    {
      "StartLat": 33.500148335463,
      "StartLon": 36.466384561825,
      "StopLat": 33.500394932478,
      "StopLon": 36.467916488108,
      "StartHeading": "08",
      "StopHeading": "26"
    }
  ],
  "OS63": [
    {
      "StartLat": 33.279260764348,
      "StartLon": 36.447131865032,
      "StopLat": 33.288301703439,
      "StopLon": 36.468321326892,
      "StartHeading": "06R",
      "StopHeading": "24L"
    },
    {
      "StartLat": 33.284134332701,
      "StartLon": 36.444908417146,
      "StopLat": 33.293370626395,
      "StopLon": 36.465979225162,
      "StartHeading": "06L",
      "StopHeading": "24R"
    }
  ],
  "LLMG": [
    {
      "StartLat": 32.597298755303,
      "StartLon": 35.220195469878,
      "StopLat": 32.596895864847,
      "StopLon": 35.239967215607,
      "StartHeading": "09",
      "StopHeading": "27"
    }
  ],
  "OS67": [
    {
      "StartLat": 33.482955756456,
      "StartLon": 36.2348978729,
      "StopLat": 33.472649696458,
      "StopLon": 36.213525398474,
      "StartHeading": "24",
      "StopHeading": "06"
    }
  ],
  "OS71": [
    {
      "StartLat": 36.522537525411,
      "StartLon": 37.033559001649,
      "StopLat": 36.520196800123,
      "StopLon": 37.049111100889,
      "StartHeading": "10",
      "StopHeading": "28"
    },
    {
      "StartLat": 36.51811342629,
      "StartLon": 37.032322758568,
      "StopLat": 36.527731239857,
      "StopLon": 37.042729072615,
      "StartHeading": "04",
      "StopHeading": "22"
    }
  ],
  "OSAP": [
    {
      "StartLat": 36.181934020152,
      "StartLon": 37.210343418608,
      "StopLat": 36.17928317032,
      "StopLon": 37.238387224744,
      "StartHeading": "10",
      "StopHeading": "28"
    }
  ],
  "OSPR": [
    {
      "StartLat": 34.558513636918,
      "StartLon": 38.331089157474,
      "StopLat": 34.556081632927,
      "StopLon": 38.302319979925,
      "StartHeading": "26",
      "StopHeading": "08"
    }
  ],
  "OQAS": [
    {
      "StartLat": 33.458371248152,
      "StartLon": 36.357060611215,
      "StopLat": 33.459095668736,
      "StopLon": 36.358410348063,
      "StartHeading": "06",
      "StopHeading": "24"
    }
  ],
  "LLRD": [
    {
      "StartLat": 32.673863294251,
      "StartLon": 35.177851300777,
      "StopLat": 32.658898128425,
      "StopLon": 35.190472292142,
      "StartHeading": "15",
      "StopHeading": "33"
    },
    {
      "StartLat": 32.662164826041,
      "StartLon": 35.164497186386,
      "StopLat": 32.656414295147,
      "StopLon": 35.185137383115,